"Group","N","Mean_Followup_months","Median_Followup_months","Min_Followup_months","Max_Followup_months","IQR_25","IQR_75"
"ICD",7256,30.0280029815706,24.589356110381,0.0328515111695138,166.951379763469,11.957950065703,42.3455978975033
"NonICD_preserved",107603,57.6325745160293,53.9093298291721,0.00100804637013296,151.260780287474,24.2444152431012,87.2864651773982
"NonICD_reduced",25058,46.5473337556447,37.8106582902814,0.00100804637013296,150.702258726899,14.5203679369251,71.1563731931669
"All_Cohorts",139917,54.2157435803478,48.6202365308804,0.00100804637013296,166.951379763469,20.9434737997948,83.0486202365309
