"model","mean_AIC","sd_AIC"
"K3",60052.1531191526,16.1190878221885
"K4",60050.5324583464,16.1829846522202
"K5",60055.602255967,16.1326799101908
