"model","mean_AIC","sd_AIC"
"K3",57370.9700077306,15.3665643819877
"K4",57368.651362844,15.4428295389031
"K5",57374.1977405025,15.3411426243646
