"model","mean_AIC","sd_AIC"
"K3",60029.8130451345,16.4072212450279
"K4",60029.8130451345,16.4072212450279
"K5",60029.8130451345,16.4072212450279
