"model","mean_AIC","sd_AIC"
"K3",60031.5675565866,16.3445029661499
"K4",60029.8130451345,16.4072212450279
"K5",60034.8174696578,16.3285045484042
