"term","estimate_standard","conf.low_standard","conf.high_standard","estimate_tvc","conf.low_tvc","conf.high_tvc"
"ns(BMI, knots = K4, Boundary.knots = BND)1",0.0608986899582992,-0.451377416041195,0.573174795957793,0.0603055913790701,-0.451983362190375,0.572594544948516
"ns(BMI, knots = K4, Boundary.knots = BND)2",-0.200890921417007,-0.615050140635469,0.213268297801456,-0.197729558532771,-0.61190602564328,0.216446908577738
"ns(BMI, knots = K4, Boundary.knots = BND)3",0.517512336792643,0.111710274385456,0.92331439919983,0.516929849918341,0.110782413801119,0.923077286035562
"ns(BMI, knots = K4, Boundary.knots = BND)4",0.0818719300973404,-0.294636576878417,0.458380437073098,0.0818061423984599,-0.294994337625671,0.458606622422591
"ns(BMI, knots = K4, Boundary.knots = BND)5",0.606443218020908,0.230456781044753,0.982429654997063,0.606506214475026,0.230490077510366,0.982522351439687
