"Imputation","C_index"
1,0.813678704672458
2,0.813701255680358
3,0.813995149622199
4,0.814784947326134
5,0.814574889874826
6,0.814162915008217
7,0.813335134669818
8,0.814528603395584
9,0.814499857055843
10,0.814253870880086
11,0.813788599358747
12,0.813791279102283
13,0.813036725486127
14,0.814254408508883
15,0.814838571598411
16,0.813787889520726
17,0.815149388246683
18,0.814459127474245
19,0.814186373264711
20,0.814816822833481
