"Mean_Cindex","SD_Cindex","N_Imputations"
0.814181225678991,0.000543260119716454,20
