"Mean_Cindex","SD_Cindex","N_Imputations"
0.815428778174254,0.000557087754751676,20
