model,mean_C,sd_C
Full base,0.797304013,0.000512274
Simplified base,0.797574383,0.000529355
Extended,0.814498956,0.000513985
