term,estimate,std.error,statistic,p.value,conf.low,conf.high
seasonSpring,0.995522903199689,0.01638207371409267,-0.2739060445505719,0.7841568262929933,0.9640660949611214,1.0280061252803467
seasonSummer,0.9374385617351344,0.016146976687758507,-4.00100022954734,6.307529667162783e-5,0.9082355205027282,0.9675805858612614
seasonAutumn,1.0294120455939615,0.016828865415639677,1.722505291948028,0.0849780249920072,0.9960118136441222,1.0639323199760502
