"model","mean_AIC","sd_AIC"
"K3",60726.2012433645,15.6757985901671
"K4",60724.8388142451,15.7279277094158
"K5",60729.5178517476,15.6711054146213
