"model","mean_AIC","sd_AIC"
"Full base",60724.8388142451,15.7279277094158
"Simplified base",60727.1138894663,15.8259746694463
