"model","mean_AIC","sd_AIC"
"Full base",58043.2049362742,15.5223657337309
"Simplified base",58043.2049362742,15.5223657337309
