"Mean_Cindex","SD_Cindex","N_Imputations"
0.798340398324969,0.000510385863295211,20
