"Imputation","C_index"
1,0.797556376484166
2,0.79771556981195
3,0.798340135305851
4,0.798388178153255
5,0.799024455521814
6,0.798521061091605
7,0.797405427671841
8,0.798531696304605
9,0.798713300302427
10,0.798492228601042
11,0.798057108932006
12,0.79835516618082
13,0.797641004633842
14,0.798533769090239
15,0.799223548913354
16,0.797683888830699
17,0.798844987892007
18,0.798339914886929
19,0.79865819557186
20,0.798781952319063
