"Mean_Cindex","SD_Cindex","N_Imputations"
0.797304012724834,0.000512273658266552,20
