"model","mean","lower","upper"
"Full base",0.798340398324969,0.79734004203291,0.799340754617027
"Simplified base",0.798340398324969,0.79734004203291,0.799340754617027
