"model","mean_C","sd_C"
"Full base",0.797304012724834,0.000512273658266552
"Simplified base",0.797574382886671,0.000529354769371598
