"horizon_months","chi_squared","degrees_of_freedom","p_value"
60,81.3953629959485,5,4.44089209850063e-16
90,90.9787492729584,5,0
120,90.4983014519064,5,0
