"Variable","Median","IQR"
"Survival_time",48.3245729303548,60.3482260183968
"BMI",26.5957446808511,5.5332508198091
"Age",69,17
"LVEF",55,15
"eGFR",77.981943764911,30.5478479016703
"Haemoglobin",14,2.2
"Cholesterol",185.616,69.606
"LDL",110.9829,59.6189
"HDL",44.0838,17.7882
"Triglycerides",116.0267,79.713
