"Season","events","person_time","rate_per_1000","lower_95","upper_95"
"Winter",918,143732.093491201,6.38688255143379,5.98035368702815,6.81377218548959
"Spring",851,163771.538668329,5.1962630803845,4.85296218721912,5.55744090644042
"Summer",1525,184144.881329623,8.28152261951947,7.87104404068725,8.70785452348396
"Autumn",777,140493.502721808,5.53050486283727,5.14842161381013,5.93343804359732
"Overall",4071,632142.01621096,6.44000856706448,6.24368484670056,6.64093509961573
