"","BMI","LVEF","eGFR","Haemoglobin","Cholesterol","HDL","LDL","Triglycerides","Age"
"BMI",1,0.0396652026560949,0.063366240949401,0.140749261428877,0.00591121998649436,-0.229562628552881,0.0122544589492428,0.188912655563068,-0.229846351592722
"LVEF",0.0396652026560949,1,0.210006113897634,0.113675795853457,0.104138422250279,0.083262395750937,0.0669974050685502,0.0277060048744253,-0.132346443841882
"eGFR",0.063366240949401,0.210006113897634,1,0.313677277836118,0.116354219207579,0.0241711127869071,0.116384220418072,0.025678491519632,-0.544283026766308
"Haemoglobin",0.140749261428877,0.113675795853457,0.313677277836118,1,0.165896968058759,-0.0193627597667231,0.162018909289811,0.0760604178558077,-0.283918124942273
"Cholesterol",0.00591121998649436,0.104138422250279,0.116354219207579,0.165896968058759,1,0.267510854534491,0.922895591771323,0.268411295515075,-0.120617158660252
"HDL",-0.229562628552881,0.083262395750937,0.0241711127869071,-0.0193627597667231,0.267510854534491,1,0.0595237194192711,-0.25011208664185,0.15984464202035
"LDL",0.0122544589492428,0.0669974050685502,0.116384220418072,0.162018909289811,0.922895591771323,0.0595237194192711,1,0.0905573365265859,-0.131187617198483
"Triglycerides",0.188912655563068,0.0277060048744253,0.025678491519632,0.0760604178558077,0.268411295515075,-0.25011208664185,0.0905573365265859,1,-0.170884649616663
"Age",-0.229846351592722,-0.132346443841882,-0.544283026766308,-0.283918124942273,-0.120617158660252,0.15984464202035,-0.131187617198483,-0.170884649616663,1
