"","loglik","Chisq","Df","Pr(>|Chi|)"
"1",-3233.51830821737,NA,NA,NA
"2",-3240.16813601727,13.2996555998061,26,0.981124628419641
