"","loglik","Chisq","Df","Pr(>|Chi|)"
"1",-42903.734902481,NA,NA,NA
"2",-42906.9598006369,6.44979631167371,15,0.971162203286453
