"","Estimate","Std..Error","z.value","Pr...z.."
"(Intercept)",-3.29269680490938,0.119495578767568,-27.5549676303425,3.85859472005235e-167
"Age",0.0252432018591796,0.00096635131563586,26.1221788088213,2.04135717078589e-150
"SexMale",0.170235928191611,0.0200368682896745,8.49613451216514,1.96008839432018e-17
"LVEF",-0.027473892668176,0.000705582838653309,-38.9378697483817,0
"DiabetesYes",0.00868851508754403,0.0210443389642578,0.412867094675712,0.679703990598714
"eGFR",-0.00683618433402857,0.000474417174671985,-14.4096476666452,4.50000136169208e-47
"BMI",0.0331631829446963,0.00194937077121398,17.0122500216025,6.66289945112822e-65
"MI_historyYes",-0.10003685708073,0.0232641298809117,-4.30004722260473,1.70761718467417e-05
"HFYes",0.746066991709017,0.023431691462609,31.8400826034923,1.80571974333407e-222
