"","Estimate","Std..Error","z.value","Pr...z.."
"(Intercept)",1.94703872091912,0.114882355846515,16.9481092772889,1.9874305934575e-64
"Age",-0.00640399131886812,0.000887590263296711,-7.2150310607084,5.39216671195614e-13
"SexMale",-0.0363036432041657,0.0186861560794212,-1.94280958854595,0.0520391689491851
"LVEF",-0.00495908108977261,0.000728479511841464,-6.80744071612523,9.93502288413095e-12
"DiabetesYes",0.0543508439208987,0.0213093261303094,2.55056605678358,0.010754814110725
"eGFR",0.00319176317988372,0.000465986225308099,6.84947967672951,7.41190776203772e-12
"BMI",0.0220680606662285,0.00198028522943317,11.1438798503512,7.67033588399609e-29
"MI_historyYes",0.400800558630714,0.0250443381228796,16.0036394918561,1.2051899811318e-57
"HFYes",-0.598671723798558,0.0258226140409204,-23.1840092892943,6.60202663826609e-119
