"Train_C","Valid_C"
0.796475621080458,0.791605162791665
