"Variable","MeanAbsSHAP"
"Age",0.59191403402951
"LVEF",0.343186063308145
"eGFR",0.192992822560228
"Haemoglobin",0.140467581758322
"Diabetes",0.113525137094008
"BMI",0.0763998143425829
"LDL",0.0516901806829298
"Triglycerides",0.029895603973409
"HDL",0.0261326188397237
"LBBB",0.0250835878133488
"RBBB",0.00972494749458293
"Cholesterol",0.00790642583750059
